{
	"general_pixelConsistentTerrainParticles": true,
	"general_particleZFightingFix": true,
	"general_extraParticlePhysicsEnabled": true,
	"maxUnderwaterBubbles_onBreak": 6,
	"underwaterBubbles_onBreak": true,
	"maxSnowflakes_onPlace": 2,
	"snowflake_enabled": true,
	"maxSnowflakes_onBreak": 3,
	"snowflake_Blocks": [
		"minecraft:snow",
		"minecraft:snow_block",
		"minecraft:powder_snow"
	],
	"maxCherryPetals_onPlace": 2,
	"cherryPetal_enabled": true,
	"maxCherryPetals_onBreak": 3,
	"cherryPetal_Blocks": [
		"minecraft:cherry_leaves",
		"minecraft:cherry_sapling",
		"minecraft:pink_petals"
	],
	"maxAzaleaLeaves_onPlace": 2,
	"azaleaLeaf_enabled": true,
	"maxAzaleaLeaves_onBreak": 3,
	"azaleaLeaf_Blocks": [
		"minecraft:azalea",
		"minecraft:azalea_leaves"
	],
	"maxFloweringAzaleaLeaves_onPlace": 2,
	"floweringAzaleaLeaf_enabled": true,
	"maxFloweringAzaleaLeaves_onBreak": 3,
	"floweringAzaleaLeaf_Blocks": [
		"minecraft:flowering_azalea",
		"minecraft:flowering_azalea_leaves"
	],
	"maxTintedLeaves_onPlace": 2,
	"tintedLeaves_enabled": true,
	"maxTintedLeaves_onBreak": 3,
	"tintedLeaves_Blocks": [
		"minecraft:jungle_leaves",
		"minecraft:oak_leaves",
		"minecraft:spruce_leaves",
		"minecraft:dark_oak_leaves",
		"minecraft:acacia_leaves",
		"minecraft:birch_leaves",
		"minecraft:mangrove_leaves"
	],
	"maxGrassBlade_onPlace": 2,
	"grassBlade_enabled": true,
	"maxGrassBlade_onBreak": 4,
	"grassBlade_Blocks": [
		"minecraft:attached_pumpkin_stem",
		"minecraft:pumpkin_stem",
		"minecraft:attached_melon_stem",
		"minecraft:melon_stem",
		"minecraft:sweet_berry_bush",
		"minecraft:beetroots",
		"minecraft:carrots",
		"minecraft:potatoes",
		"minecraft:wheat",
		"minecraft:short_grass",
		"minecraft:tall_grass",
		"minecraft:seagrass",
		"minecraft:tall_seagrass",
		"minecraft:hay_block",
		"minecraft:grass_block"
	],
	"maxHeavyGrassBlade_onPlace": 2,
	"heavyGrassBlade_enabled": true,
	"maxHeavyGrassBlade_onBreak": 4,
	"heavyGrassBlade_Blocks": [
		"minecraft:hanging_roots",
		"minecraft:pale_hanging_moss",
		"minecraft:cobweb",
		"minecraft:tripwire"
	],
	"maxMossClump_onPlace": 2,
	"mossClump_enabled": true,
	"maxMossClump_onBreak": 3,
	"mossClump_Blocks": [
		"minecraft:moss_carpet",
		"minecraft:moss_block"
	],
	"maxPaleMossClump_onPlace": 2,
	"paleMossClump_enabled": true,
	"maxPaleMossClump_onBreak": 3,
	"paleMossClump_Blocks": [
		"minecraft:moss_carpet",
		"minecraft:moss_block"
	],
	"maxDust_onPlace": 2,
	"dust_enabled": true,
	"maxDust_onBreak": 3,
	"dust_Blocks": [
		"minecraft:sand",
		"minecraft:suspicious_sand",
		"minecraft:gravel",
		"minecraft:suspicious_gravel",
		"minecraft:red_sand",
		"minecraft:soul_sand",
		"minecraft:soul_soil",
		"minecraft:white_concrete_powder",
		"minecraft:light_gray_concrete_powder",
		"minecraft:gray_concrete_powder",
		"minecraft:brown_concrete_powder",
		"minecraft:red_concrete_powder",
		"minecraft:orange_concrete_powder",
		"minecraft:yellow_concrete_powder",
		"minecraft:lime_concrete_powder",
		"minecraft:green_concrete_powder",
		"minecraft:cyan_concrete_powder",
		"minecraft:light_blue_concrete_powder",
		"minecraft:blue_concrete_powder",
		"minecraft:purple_concrete_powder",
		"minecraft:magenta_concrete_powder",
		"minecraft:pink_concrete_powder"
	],
	"maxBlock_onPlace": 2,
	"block_enabled": true,
	"maxBlock_onBreak": 4,
	"maxUnderwaterBubbles_onPlace": 12,
	"underwaterBubbles_onPlace": true,
	"campfireSpark_spawnChance": 20,
	"campfireSpark_enabled": true,
	"fireSpark_spawnChance": 25,
	"fireSpark_enabled": true,
	"maxAnvilUseSparks_onUse": 18,
	"anvilUseSparks_enabled": true,
	"maxGrindstoneUseSparks_onUse": 12,
	"grindstoneUseSparks_enabled": true,
	"minecart_spawnChance": 50,
	"minecart_enabled": true,
	"minecart_onlyWithPassenger": true,
	"blaze_spawnChance": 25,
	"blaze_spawnOnHurt": true,
	"blaze_amountToSpawnOnHurt": 6,
	"tintedWaterSplash_fluids": [
		"minecraft:water",
		"minecraft:flowing_water"
	],
	"maxTintedWaterSplash_onPlace": 12,
	"tintedWaterSplash_onPlace": true,
	"lavaSplash_fluids": [
		"minecraft:lava",
		"minecraft:flowing_lava"
	],
	"maxLavaSplash_onPlace": 7,
	"lavaSplash_onPlace": true,
	"genericSplash_fluids": [],
	"maxGenericSplash_onPlace": 10,
	"genericSplash_onPlace": true,
	"brushParticleBehaviour": "BLOCK_OVERRIDE_OR_DUST",
	"flintAndSteelSpark_intensity": 5,
	"maxFlintAndSteelSpark_onUse": 12,
	"flintAndSteelSpark_onUse": true,
	"fireCharge_intensity": 5,
	"maxFireCharge_onUse": 12,
	"fireCharge_onUse": true,
	"maxAxeStrip_onUse": 12,
	"axeStrip_onUse": true,
	"maxHoeTill_onUse": 12,
	"hoeTill_onUse": true,
	"maxShovelFlatten_onUse": 12,
	"shovelFlatten_onUse": true
}