{
  "show_blast_wave": true,
  "show_fireball": true,
  "show_mushroom_cloud": true,
  "show_sparks": true,
  "spark_size": 5.3,
  "spark_opacity": 0.7,
  "show_default_explosion": false,
  "underwater_explosions": true,
  "show_shockwave": true,
  "show_underwater_blast_wave": true,
  "bubble_amount": 50,
  "show_underwater_sparks": false,
  "underwater_spark_size": 4.0,
  "underwater_spark_opacity": 0.3,
  "show_default_explosion_underwater": false,
  "dynamic_size": true,
  "dynamic_underwater": true,
  "extra_power": false,
  "big_extra_power": 0.0,
  "small_extra_power": 0.0,
  "attempt_better_small_explosions": true,
  "small_explosion_y_offset": -0.5,
  "attempt_power_knockback_calc": false,
  "bypass_power_for_singleplayer": true,
  "mod_enabled": true,
  "emissive_explosion": true,
  "emissive_water_explosion": true,
  "always_show": false,
  "debug_logs": false
}